4423c40d-30c3-49fb-8351-f8ff5a338770.jpg,1
4a7412dd-fe84-4744-98c6-ba23af00d624.jpg,3
6cc90aaa-2371-401f-8b50-63879eed40d1.jpg,3
9719c1a4-54c2-4435-8dae-eb3a64e571df.jpg,5
bf4a116f-da92-4319-b5eb-153d6c58ed7b.jpg,1
ee569272-9849-4110-a84e-f93db6928f28.jpg,7
fde34b71-5623-4826-b39a-65ddd9d640ef.jpg,6
59f1898a-f508-4c0f-9c4e-f8eea27dda24.jpg,2
379bf9ef-980c-4b20-97d8-173c0c652dbd.jpg,2
76eecdc6-0312-4386-9742-a92457cb9fa4.jpg,5
2724776e-39cf-4349-8823-bcb9b5dff46b.jpg,2
7d56d503-1590-47e8-9cb9-9714436c3310.jpg,2
f2831e89-0067-486f-8869-02cd38bd6a64.jpg,2
203fe2e8-280d-401c-8250-0e95023063e7.jpg,5
42161d00-72c6-4e12-8871-8e0a38d41a19.jpg,2
9f015c8e-f72b-48ba-94bd-bff14e5a0a4e.jpg,2
e3cf486c-7305-4132-93c1-c108f8f061c6.jpg,2
2bb08cdf-779c-477f-a897-acdfe53c1b2b.jpg,4
